voice_id,name,description,language,locale,gender,age,accent,category,descriptive,use_case,preview_url
Vr1jwoqy1MDvyAPwDY9C,Xuân Lượng,The speaker speaks with a calm tone in this narrative story.,vi,vi-VN,male,middle-aged,standard,professional,calm,narrative_story,https://storage.googleapis.com/eleven-public-prod/database/workspace/63b8c89e63254c848adadfce972bbb10/voices/Vr1jwoqy1MDvyAPwDY9C/63455403-f924-408d-90fa-33a0c27a35ab.mp3
K7ewtjKRNtwwt3lKQ6M0,Tony Hoang ,"The speaker asks about generating a video with an avatar, using a professional and informative tone suited for an educational context.",vi,vi-VN,male,young,standard,professional,professional,informative_educational,https://storage.googleapis.com/eleven-public-prod/database/workspace/29844bc2632a47a18c0d4f2fdc86c16a/voices/K7ewtjKRNtwwt3lKQ6M0/gHszf2C5JMLjRDDu5per.mp3
ikIaXswrYCYOUEVrkNVj,Tuyen Nguyen - Warm Vietnamese Narration,"The speaker delivers a professional and pleasant greeting to the listener with a calm and welcoming tone, suitable for informative or educational purposes.",vi,vi-VN,female,young,standard,professional,pleasant,informative_educational,https://storage.googleapis.com/eleven-public-prod/database/workspace/45d90ea1953c44548d47922c4b9b5899/voices/ikIaXswrYCYOUEVrkNVj/vPzuaCLtSzGqSm8Yrb1T.mp3
KqbkuMVLVelcCTkFXEbE,Man Nghi - Radio,The speaker has a gentle tone and is narrating a story in a professional manner.,vi,vi-VN,male,young,standard,professional,gentle,narrative_story,https://storage.googleapis.com/eleven-public-prod/database/workspace/248fc56ef7e34c3fa28059830c1df010/voices/KqbkuMVLVelcCTkFXEbE/wmV231UTj3XNhZQkAyxd.mp3
4HGP1feHKTQ1DJst6Tk8,"Ton - Vietnamese, Warm, Narration-vibe",The speaker delivers a message with a deep tone in a professional manner.,vi,vi-VN,male,middle-aged,standard,professional,deep,informative_educational,https://storage.googleapis.com/eleven-public-prod/database/workspace/f367e36934d74fb0aa9e1ddb9fc0de4b/voices/4HGP1feHKTQ1DJst6Tk8/qRvUInTzDKB8Vo48sHuw.mp3
o7eW6FU1U8btdmuKphGp,Le Công ,The speaker speaks with a calm and conversational tone suitable for daily interaction.,vi,vi-VN,male,middle-aged,standard,professional,calm,conversational,https://storage.googleapis.com/eleven-public-prod/database/workspace/71c8e9aa82724ab7a3910f94aa87bd1e/voices/o7eW6FU1U8btdmuKphGp/59ce55ad-0fbf-4b6c-bf81-8fa392438a88.mp3
47rM9DW5VmjOw23BVHWi,Tuan Anh - Deep & Powerful Vietnamese,"A professional male voice with a warm, deep, and reassuring tone speaks with a standard accent.",vi,vi-VN,male,middle_aged,standard,professional,professional,informative_educational,https://storage.googleapis.com/eleven-public-prod/database/workspace/8b673ecd50964d0c9a44fd4be3ee4e75/voices/47rM9DW5VmjOw23BVHWi/BmvvLm6ZdebK2euDWFRH.mp3
xfUqvWWCktUreI6zhcEq,"Nation - Warm, Expressive & Nuanced",The speaker delivers a professional narrative with a calm tone.,vi,vi-VN,male,middle_aged,standard,professional,calm,narrative_story,https://storage.googleapis.com/eleven-public-prod/database/workspace/1fcf258f352640f69aa56f2a5ad325e5/voices/xfUqvWWCktUreI6zhcEq/5ipEHsQOxoQobv2A4c3c.mp3
ZvBK3ITp9pAzXbi1yZZH,Tony - Calm & Friendly ,The speaker speaks with a casual tone about the importance of kindness.,vi,vi-VN,male,middle-aged,standard,professional,casual,conversational,https://storage.googleapis.com/eleven-public-prod/database/workspace/872d9de6456448e3bd3629f430ffa9df/voices/ZvBK3ITp9pAzXbi1yZZH/bc8e6288-d894-4735-8c3e-541889833066.mp3
QNoFGjEs2994DgckhuSz,Moon Phan - Audiobooks & Podcast,"The speaker delivers a pleasant and optimistic greeting with a steady pace, suitable for a social media context.",vi,vi-VN,female,young,standard,professional,pleasant,social_media,https://storage.googleapis.com/eleven-public-prod/database/workspace/416289d62a9b40b0b4a81fc5a6b11711/voices/QNoFGjEs2994DgckhuSz/8SMqYMqghhZrjW76zxch.mp3
z52gEIoQzfRHDNXFBlUl,"Lam Ngo - Natural, friendly voice","The speaker speaks with a calm and professional tone in Vietnamese, suitable for informative educational purposes.",vi,vi-VN,male,middle_aged,standard,professional,calm,informative_educational,https://storage.googleapis.com/eleven-public-prod/database/workspace/e475517357fc4bb289063109ca5f3bc6/voices/z52gEIoQzfRHDNXFBlUl/bf034013-2de3-41e7-aeb6-b03f29c9107b.mp3
g0UtKHMoHYe4SHQobaIL,"Kim - Storytelling, Calm & Real Voice","The speaker delivers a message about the value of time using a calm and professional tone, suitable for educational content.",vi,vi-VN,female,young,standard,professional,calm,informative_educational,https://storage.googleapis.com/eleven-public-prod/database/workspace/9704bc8bebf241a8b4c7b556402d6dc8/voices/g0UtKHMoHYe4SHQobaIL/cb17e5c5-7148-4670-b080-d7faa7dff7dc.mp3
nbv4fVbfyLxvuHzyIeDo,Ngoc Diem Pham,"The speaker has a professional and pleasant voice, suitable for informative content.",vi,vi-VN,female,young,standard,professional,pleasant,informative_educational,https://storage.googleapis.com/eleven-public-prod/database/user/U0wDAmhEHhYffuTpPYQZAMQIXjv2/voices/nbv4fVbfyLxvuHzyIeDo/JkJf3wFdv4E3F57lx3YM.mp3
t3OMlxHxJtV0RvnZAY1X,Yuen Yuen ,"A middle-aged male with a standard accent speaking in a casual, pleasant Vietnamese style for conversational purposes.",vi,vi-VN,male,middle-aged,standard,professional,casual,conversational,https://storage.googleapis.com/eleven-public-prod/database/workspace/980cca7c4c8f4c44b8788023c39b0550/voices/t3OMlxHxJtV0RvnZAY1X/86b5ab99-e44d-4cb6-9b39-f2133ea2345a.mp3
aNgyJM3HqLEAaxmXxG1V,Khanh Tu - Storyteller and Characters,"The speaker delivers a narration in a professional manner, suitable for character animation, featuring a standard Vietnamese accent.",vi,vi-VN,female,middle-aged,standard,professional,professional,characters_animation,https://storage.googleapis.com/eleven-public-prod/database/workspace/e77e88cd74b34799b7d9bb5b008f7d2d/voices/aNgyJM3HqLEAaxmXxG1V/MXNziq2zaaoQJ3GETHjD.mp3
AYozKR5VAKhmcfQriHWo,Manh Huy,"The speaker delivers a confident and professional message with a calm and meditative tone, suitable for informative or educational purposes.",vi,vi-VN,male,middle_aged,standard,professional,meditative,informative_educational,https://storage.googleapis.com/eleven-public-prod/database/workspace/fdef706887444d66b98e3c5c5ec3f322/voices/AYozKR5VAKhmcfQriHWo/0fb6c2d7-49f6-4c5f-abc7-7342eee82873.mp3
8PEPqUGgvwN1Fk9KR8jV,An Nhiên,The speaker delivers a professional and informative message in a formal tone about human behavior and culture.,vi,vi-VN,female,middle-aged,standard,professional,formal,informative_educational,https://storage.googleapis.com/eleven-public-prod/database/workspace/85d6d9bc50f6459aaaf1ec8572519ebf/voices/8PEPqUGgvwN1Fk9KR8jV/SfrwSQyGTr48TnsNwlkh.mp3
QqID1ZB0DTItNxAKGBNW,Viết Linh,The speaker speaks with a calm and mature tone that is appropriate for an informative educational context.,vi,vi-VN,male,middle_aged,standard,professional,calm,informative_educational,https://storage.googleapis.com/eleven-public-prod/database/workspace/3cda3c33df604df49535d973e018118e/voices/QqID1ZB0DTItNxAKGBNW/9d2f2298-b1d0-4d51-8c9e-f8829781753a.mp3
yf9161zbUv3ksvUPn3Yg,Anh Le,"The speaker has a professional, calm, and informative tone, providing helpful communication.",vi,vi-VN,female,middle-aged,standard,professional,professional,conversational,https://storage.googleapis.com/eleven-public-prod/database/workspace/cf7f87c8f008494c8498137fddecd5dd/voices/yf9161zbUv3ksvUPn3Yg/bd3040b4-0502-4b84-af57-0157c31cd578.mp3
HG0MlJIknmaXREpTckfK,Tuan Anh - Deep & Narrative,"The speaker has a professional, mature, and calm voice suitable for educational use.",vi,vi-VN,male,middle_aged,standard,professional,professional,informative_educational,https://storage.googleapis.com/eleven-public-prod/database/workspace/28f7ccc1c00c4bf3a0ab0128b1d591c8/voices/HG0MlJIknmaXREpTckfK/ScPsJSFq7OU3Gm9Nwced.mp3
D0dFzCacaMgMGjIksFuH,Ngoc An - Warm Audiobook Narrator,"The speaker expresses gratitude in a mature, soft, and gentle tone, suitable for informative or educational purposes.",vi,vi-VN,female,mature,standard,professional,gentle,informative_educational,https://storage.googleapis.com/eleven-public-prod/database/workspace/b912c04a468a4451808a2f10f112766b/voices/D0dFzCacaMgMGjIksFuH/RQODsdC9FqyN9wN6VQiB.mp3
TSQmL8GUTyX83rgaewuP,"Xuan Hi - Emotional, Warm & Gentle",A calm and pleasant male voice speaks about life in a professional tone for a narrative story.,vi,vi-VN,male,middle-aged,standard,professional,calm,narrative_story,https://storage.googleapis.com/eleven-public-prod/database/workspace/cbea6639831b475d83f9ae8fc9777c5d/voices/TSQmL8GUTyX83rgaewuP/rW1ZuvIL9hXTw5DXqe3R.mp3
s06eec3OqspIDuOznMK4,HTN,"The speaker delivers a message about unity with a calm, deliberate tone.",vi,vi-VN,female,young,standard,professional,calm,narrative_story,https://storage.googleapis.com/eleven-public-prod/database/user/user_7301kg2jkq98fm0tb9snqz360zjr/voices/s06eec3OqspIDuOznMK4/ba53a78b-df82-4de6-a4c3-a9d50c0cbe37.mp3
P37gHF6iLTEvs2pLYhyv,Anna Thu – Gentle Vietnamese Female,"A woman speaks in a calm, informative style in a professional audio recording.",vi,vi-VN,female,young,standard,professional,calm,informative_educational,https://storage.googleapis.com/eleven-public-prod/database/user/user_9401ker0ft35ej98vrwtgvv04sgn/voices/P37gHF6iLTEvs2pLYhyv/WMj6L6CqaRA1WRtQTn1o.mp3
qByVAGjXwGlkcRDJoiHg,Kiều Linh,"The speaker speaks with a natural, conversational, and pleasant tone.",vi,vi-VN,female,young,standard,high_quality,pleasant,conversational,https://storage.googleapis.com/eleven-public-prod/database/workspace/29ca19d1407e47fc86008497a8499f88/voices/qByVAGjXwGlkcRDJoiHg/e95723e3-1ba6-4b30-b302-6e4bcbf5b808.mp3
IovBBFnLZ6QzJhFLLroy,Tam Nguyen - Fairy Tail & children Friendly,Giọng đọc chuyên cho truyện cổ tích phù hợp với các sản phẩm cho thiếu nhi.,vi,vi-VN,female,young,standard,professional,pleasant,narrative_story,https://storage.googleapis.com/eleven-public-prod/database/user/user_9001ke6xzf2mf50tbvksj3nx2r7g/voices/IovBBFnLZ6QzJhFLLroy/Vqzugmhcoif9ESpYePTy.mp3
5vqV9IG7sDpzgzKOIZAv,Kenh,"The speaker has a professional and pleasant voice, delivering a serious and informative message.",vi,vi-VN,female,middle_aged,standard,professional,professional,informative_educational,https://storage.googleapis.com/eleven-public-prod/database/user/Da1ci1Rlyjhpa7OMQnnx0P0e0Ua2/voices/5vqV9IG7sDpzgzKOIZAv/aba48cdc-093b-47bd-8fd6-814dd55b776e.mp3
f966mdF5njWREvreUG07,Quyen Ru,"This is a professional male speaker using a standard accent, suitable for informative or educational use cases.",vi,vi-VN,male,young,standard,professional,professional,informative_educational,https://storage.googleapis.com/eleven-public-prod/database/user/dQn3x0QUDcf2Y3FiEu32G1fVmCb2/voices/f966mdF5njWREvreUG07/zaacSsmRbxdMMPLOzd1H.mp3
In8K4JDLu1r9fGysc64F,Tuan,"The speaker speaks with a calm and mature voice in Vietnamese, suitable for narration.",vi,vi-VN,male,middle-aged,standard,professional,calm,narrative_story,https://storage.googleapis.com/eleven-public-prod/database/user/DHkgZAF2CmeutldMJ3T5hiybsat2/voices/In8K4JDLu1r9fGysc64F/cfa1cd57-fea7-4831-b2e6-b62c6115c32b.mp3
Si3s1VCb7dLbeqH57kiC,Quynh Anh - Voice coach,The speaker delivers a concise message with a calm tone in a casual style.,vi,vi-VN,male,middle-aged,standard,professional,calm,informative_educational,https://storage.googleapis.com/eleven-public-prod/database/user/VwgYWV3dWefcgGig7BmZ0wFBwte2/voices/Si3s1VCb7dLbeqH57kiC/a6185f92-e1bd-4c52-b5a6-7ddff7a38240.mp3
2ZUpiKo5wCCuypvx2zaS,Tony Nguyễn,"The speaker delivers a calm and professional message, well-suited for educational content.",vi,vi-VN,female,middle-aged,standard,professional,calm,informative_educational,https://storage.googleapis.com/eleven-public-prod/database/user/r7GgnjXQwHMhWzSU4ZMk50DdwaT2/voices/2ZUpiKo5wCCuypvx2zaS/76db9511-41d6-4430-aba8-9b3ae8b01109.mp3
0ggMuQ1r9f9jqBu50nJn,Thắm - Giọng Nữ Miền Bắc,The speaker delivers a calm and professional message suitable for narrative stories in Vietnamese.,vi,vi-VN,female,young,standard,professional,calm,narrative_story,https://storage.googleapis.com/eleven-public-prod/database/user/qLMxIirU8qeh6SoWEpHZArCyKC82/voices/0ggMuQ1r9f9jqBu50nJn/ijjXRso64oDa6QLfuwzH.mp3
6adFm46eyy74snVn6YrT,Nhật - Narrative & Compelling,"The speaker delivers a professional message with a calm and formal tone, suitable for informative educational purposes.",vi,vi-VN,male,middle-aged,standard,professional,professional,informative_educational,https://storage.googleapis.com/eleven-public-prod/database/workspace/054550d878c24146a05038f0255decf3/voices/6adFm46eyy74snVn6YrT/K0y0WKKMItzwoqq2pkmS.mp3
VAzxBZgjAoy5WCeMEmFW,"Lâm -  Authentic, Warm & Engaging",The speaker delivers a confident and professional message in Vietnamese with a standard accent.,vi,vi-VN,male,middle-aged,standard,professional,confident,informative_educational,https://storage.googleapis.com/eleven-public-prod/database/user/iQ3xDkBX0Adn9AEWEyGHbr3m8SE3/voices/VAzxBZgjAoy5WCeMEmFW/9e2bba9d-3f36-49c8-97ed-73a48004139f.mp3
0xI4eT7fHnn6AHTfF4Ro,"Tieu Hong - Warm, deep female voice","The speaker speaks with a calm and mature voice in Vietnamese, suitable for informative or educational purposes.",vi,vi-VN,female,middle-aged,standard,professional,calm,informative_educational,https://storage.googleapis.com/eleven-public-prod/database/user/f4M403Yz0WhmGnRDW9Wc9ymrjHz1/voices/0xI4eT7fHnn6AHTfF4Ro/41768834-c398-4a9d-a75d-d5843d29b0c1.mp3
9RpzPSAZdsH0F8tpXfP4,Truc Lam,"The speaker delivers the audio content with a serious and mature tone, intended for a narrative story.",vi,vi-VN,male,middle-aged,standard,professional,serious,narrative_story,https://storage.googleapis.com/eleven-public-prod/database/user/QtLl2zZ4umdmC5wh3LEkWIypF163/voices/9RpzPSAZdsH0F8tpXfP4/f7451dbb-fccb-4b5b-948c-056d679da995.mp3
kPNz4WRTiKDplS7jAwHu,Tran Thanh,"A man shares a wise message about the importance of home, family, and happiness.",vi,vi-VN,male,middle_aged,standard,professional,wise,narrative_story,https://storage.googleapis.com/eleven-public-prod/database/workspace/487b3830672647c18e63b1cfe3fb1957/voices/kPNz4WRTiKDplS7jAwHu/BQLdAtxWdmuoIUmBMm02.mp3
z9AwTVuN8C7iJ75jitEW,"Huy - Deep, Trustworthy and Professional",The speaker delivers a proverbial saying in a neutral and professional tone.,vi,vi-VN,female,young,standard,professional,neutral,informative_educational,https://storage.googleapis.com/eleven-public-prod/database/user/N0cFkDOT4sRqA7wUUIS4ReicFP42/voices/z9AwTVuN8C7iJ75jitEW/07c8d228-2c4c-49c8-8cd6-4daf35609c6e.mp3
ArosID24mP18TEiQpNhs,"Trang - Warm, Trustworthy and Inspiring","The speaker has a professional, calm tone, perfect for an informative or educational use case.",vi,vi-VN,female,young,standard,professional,calm,informative_educational,https://storage.googleapis.com/eleven-public-prod/database/user/qgkniOWhmVflg7NZMO4iSwwjY0b2/voices/ArosID24mP18TEiQpNhs/Wyo8g0DXFsIrAQ9n2AVN.mp3
IZKDEBDVLx4BnFc8W03D,"Minh - Warm, Calm and Intelligent","The speaker delivers a confident and professional message in a casual and upbeat manner, suitable for an informative or educational context.",vi,vi-VN,male,young,standard,professional,confident,informative_educational,https://storage.googleapis.com/eleven-public-prod/database/user/d7OWNY850EO48zNk8riuVbVqDHp2/voices/IZKDEBDVLx4BnFc8W03D/WeyJ3CTzY0wjgaGFn582.mp3
a3AkyqGG4v8Pg7SWQ0Y3,"Ngan - Cute, Bubbly and Authentic",The speaker delivers a positive and personal review of a coffee shop in a casual tone.,vi,vi-VN,female,young,standard,high_quality,casual,conversational,https://storage.googleapis.com/eleven-public-prod/database/user/dIFexbiNQxgnb3WWjl4HVrbAQ5D3/voices/a3AkyqGG4v8Pg7SWQ0Y3/uKOB9hPHe57vcsoIvRNv.mp3
FfC8yOt3HaUlZaet6DPx,Trung Caha - Articulate and Informative,"The speaker speaks with a serious tone about being cautious and careful, suitable for informative or educational purposes.",vi,vi-VN,male,middle-aged,standard,professional,serious,informative_educational,https://storage.googleapis.com/eleven-public-prod/database/user/kgDarH0QSrXCI1TCVIMe2DiiHQm1/voices/FfC8yOt3HaUlZaet6DPx/a260361a-f040-48c4-90ba-cb3100ff1d29.mp3
zRKf3RQpAJq11rSezsxD,"Bao - Soft, Loving and Elegant","A young female speaks in a gentle and friendly tone, suitable for conversational content.",vi,vi-VN,female,young,standard,professional,gentle,conversational,https://storage.googleapis.com/eleven-public-prod/database/user/1bvJ6MGTHVOxfTwuEhCf0yWMqu22/voices/zRKf3RQpAJq11rSezsxD/QB9YGTkCjzIdNYJ6BDsW.mp3
eZ248pfac00g3092s7h8,"Huy Le - Calm, Clear and Professional",The speaker delivers a confident and professional message with a calm tone.,vi,vi-VN,male,middle-aged,standard,professional,professional,informative_educational,https://storage.googleapis.com/eleven-public-prod/database/user/Py4sXFHrJeToOTFfwxm15GuteQl1/voices/eZ248pfac00g3092s7h8/lQw7br0h1kRFcpiWdgDz.mp3
L5c6tGA8OiORYKxez5Zu,"Linh - Soft, Calm and Expressive","The speaker presents a clear, casual, and professional voice narrative in a conversational tone.",vi,vi-VN,female,young,standard,professional,casual,conversational,https://storage.googleapis.com/eleven-public-prod/database/user/8a6QMGjxe2PifBSOlsDRVmPJe952/voices/L5c6tGA8OiORYKxez5Zu/89saGHHUAFoEN2mJQAS2.mp3
q6uIUrmSRksEvUMlwYPR,Huong - Soft and Gentle Narrator,"The speaker has a professional voice with a calming and pleasant tone, ideal for narrative storytelling.",vi,vi-VN,female,young,standard,high_quality,calm,narrative_story,https://storage.googleapis.com/eleven-public-prod/database/user/cSyxqBrNHXVh8d8rxCNHGtd9htE3/voices/q6uIUrmSRksEvUMlwYPR/29woKB4NgJvFulJ0gxRb.mp3
h7K5CmpgjUpbfD1vi7Zz,"Gia - Gentle, Clean and Pragmatic",The speaker is professional and confident with a male voice who delivers a clear message in a professional tone for informative and educational purposes.,vi,vi-VN,male,middle-aged,standard,professional,professional,informative_educational,https://storage.googleapis.com/eleven-public-prod/database/user/5YQdv36563fQrImYjBT4Yt7Q1GO2/voices/h7K5CmpgjUpbfD1vi7Zz/BsGRcJMoEeEec8n5TjXz.mp3
DVQIYWzpAqd5qcoIlirg,"Duyen - Bright, Clear and Captivating","A middle-aged male with a standard accent speaking in a formal, professional, and serious tone for an informative or educational purpose.",vi,vi-VN,male,middle-aged,standard,professional,serious,informative_educational,https://storage.googleapis.com/eleven-public-prod/database/user/IN2IBlTa4Eeh74gqrrbU9AS5JMY2/voices/DVQIYWzpAqd5qcoIlirg/FQXOvtWxGQUwavDqW9gI.mp3
cvguG4SQfZYZ0wHQTNLF,"Hoàng - Firm, Steady Storyteller","The speaker provides simple, easy-to-follow cooking instructions in a calm and casual tone.",vi,vi-VN,male,young,standard,professional,calm,informative_educational,https://storage.googleapis.com/eleven-public-prod/database/user/Xo9SfPPDRxXQC6qPNGxCc8xr4Eo2/voices/cvguG4SQfZYZ0wHQTNLF/9iebIkaKkdQdutkLZv4y.mp3
MfnRBJHBrGwMSVFTatjK,"Tran - Calm, Soothing and Trustworthy",The speaker delivers a calm and professional message with a soft tone and clear enunciation.,vi,vi-VN,female,young,standard,professional,calm,informative_educational,https://storage.googleapis.com/eleven-public-prod/database/user/y9E99xJLmwZBk9gfiLihCh6fTgj2/voices/MfnRBJHBrGwMSVFTatjK/e4b6993d-91ea-4fe6-a326-48518521304a.mp3
KVzG2JMdZJKi6y7cwERP,Quang Nguyen - Warm and Dynamic,A man's voice delivers a wise and professional message in Vietnamese with a standard accent.,vi,vi-VN,male,middle_aged,standard,professional,wise,informative_educational,https://storage.googleapis.com/eleven-public-prod/database/user/aaVU9U8RcJTLZ80aHbgW3PcvNZi1/voices/KVzG2JMdZJKi6y7cwERP/2f0e77a9-a1d1-4295-ab0b-d3b259810ce8.mp3
eqMFh4kWVrmjm0Bcil6E,"Nguyen - Clear, Bright Saleswoman","The speaker delivers a confident and professional message in a clear and engaging manner, suitable for an advertisement.",vi,vi-VN,female,young,standard,professional,confident,advertisement,https://storage.googleapis.com/eleven-public-prod/database/user/yuC6ZEbRUbUKBYztSOjUTrUeCBr1/voices/eqMFh4kWVrmjm0Bcil6E/1mZJ7rLYCqzrssS0Qmll.mp3
oAvm5cbNCsMTdnhtmIs4,"Nguyet - Clear, Steady and Professional","A calm, professional-sounding individual delivers a message about character traits.",vi,vi-VN,female,young,standard,professional,calm,informative_educational,https://storage.googleapis.com/eleven-public-prod/database/user/Dko2PI0TEUdVET7BKUfUkKlO7R02/voices/oAvm5cbNCsMTdnhtmIs4/1bb8930b-c2aa-4fee-8026-76b6be5de597.mp3
jdlxsPOZOHdGEfcItXVu,Hien - Warm and Deep Broadcaster,"A professional and informative voiceover in Vietnamese with a calm tone, suitable for educational use cases.",vi,vi-VN,female,middle-aged,standard,professional,calm,informative_educational,https://storage.googleapis.com/eleven-public-prod/database/user/17NZzSbd9IP82gjbwwscwymdCIE3/voices/jdlxsPOZOHdGEfcItXVu/bQt8zs9XKBj9Z0Xqi9Jo.mp3
deC6NEXcbavaVWbzjgzb,"Phuong - Smooth, Comforting and Gentle","A person speaks with a calm and gentle tone, perfect for a narrative story.",vi,vi-VN,female,young,standard,professional,gentle,narrative_story,https://storage.googleapis.com/eleven-public-prod/database/user/xxqDuxFSCVMaxhi8dLF6bXx1Nsh2/voices/deC6NEXcbavaVWbzjgzb/0WjtU3OWcWtGW4jDm4aV.mp3
Y3DoBhgPgHh29oMNUEDk,"Ngọc - Soft, Thoughful and Elegant",A person discusses inner peace and the impact of money on their emotional state in a serious tone.,vi,vi-VN,female,middle-aged,standard,professional,serious,informative_educational,https://storage.googleapis.com/eleven-public-prod/database/user/tZtzhbvNvrXzQPVLfKoxkqVCrZe2/voices/Y3DoBhgPgHh29oMNUEDk/TlLWCe4W3PdpQon8h16R.mp3
jdCnxs34TN80uQ8DRnGR,Linh - Clear and Expressive,The speaker delivers a message with a crisp tone suitable for an informative educational context.,vi,vi-VN,male,young,standard,professional,crisp,informative_educational,https://storage.googleapis.com/eleven-public-prod/database/user/qJ54csVg0RhnhAWHfooHIRib9Lu2/voices/jdCnxs34TN80uQ8DRnGR/db5b99c2-e0e3-4bd6-a323-ba6753105486.mp3
rXOGzMiqbmjugMpzKMEx,"Freya - Soft, Cute and Alluring",The speaker delivers a message with a calm and pleasant tone.,vi,vi-VN,female,young,standard,professional,pleasant,narrative_story,https://storage.googleapis.com/eleven-public-prod/database/user/SqsZJjIn59WJShvYG9fFpuV5u3k1/voices/rXOGzMiqbmjugMpzKMEx/aRzQr2d6Q2zGlErQtWax.mp3
5g2DMFQF8xR0KmnuNr4U,"Hoa - Smooth, Gentle and Poetic",The speaker delivers a conversational and casual message in Vietnamese with a female voice and young tone.,vi,vi-VN,female,young,standard,high_quality,casual,conversational,https://storage.googleapis.com/eleven-public-prod/database/workspace/17a4788352574678ac59160b9bc2bf6f/voices/5g2DMFQF8xR0KmnuNr4U/WkC9V8OTI8AUsMi6uIpm.mp3
oLR5l8TbWm0sNc5LspDA,"Thanh - Deep, Calm and Steady",The speaker delivers a confident and professional message in a natural tone.,vi,vi-VN,male,middle_aged,standard,professional,confident,informative_educational,https://storage.googleapis.com/eleven-public-prod/database/user/ALSlUmX7NRRgBvSkRh9nqhsWbUx2/voices/oLR5l8TbWm0sNc5LspDA/f09b6dee-8cde-4494-95f2-27c8f03aaf8c.mp3
N0Z0aL8qHhzwUHwRBcVo,"Thanh - Clear, Steady and Informative","The speaker delivers a confident and professional message in a clear, measured tone.",vi,vi-VN,female,middle_aged,standard,professional,confident,informative_educational,https://storage.googleapis.com/eleven-public-prod/database/user/nB5ukL2aGiTkLYQ2YOfjMzgQt6s2/voices/N0Z0aL8qHhzwUHwRBcVo/LfArSwOE3zkhGLQPCEWE.mp3
EcENCamMHdzIoMysqdsv,"Ethan - Clear, Firm and Compassionate","The speaker has a professional, calm, and neutral voice, which is used for narrative story purposes.",vi,vi-VN,male,middle-aged,standard,professional,neutral,narrative_story,https://storage.googleapis.com/eleven-public-prod/database/user/GjYjGlQ8jQbvytlMP71nFRgvWNq1/voices/EcENCamMHdzIoMysqdsv/H7P4FxvtA1e2h6eEYpyO.mp3
FSA98p0BgnTAzCpH8avM,"Vinh - Warm, Smooth and Lyrical",The speaker delivers a confident and professional message in Vietnamese with a standard accent.,vi,vi-VN,male,young,standard,professional,confident,informative_educational,https://storage.googleapis.com/eleven-public-prod/database/user/fFmAA57VUohXqfQYwBWUqkz65bm1/voices/FSA98p0BgnTAzCpH8avM/TU6Kfg6Uoyq3gNEJjJtt.mp3
puBBfOSRT9Dbk3FUJQGd,"Quan - Warm, Thoughful and Elegant","The speaker delivers a mature and professional message with a calm and serious tone, suitable for narrative stories.",vi,vi-VN,female,middle-aged,standard,professional,serious,narrative_story,https://storage.googleapis.com/eleven-public-prod/database/user/Lc9YzU6BL8RzhWbnEbDkU3kPHAr1/voices/puBBfOSRT9Dbk3FUJQGd/3p0oC7bZRIwi8sIjoP92.mp3
1rqNHUqUbBGpY3OyzPMI,"Duyen - Sweet, Calm and Gentle",The speaker delivers a confident and professional message in Vietnamese.,vi,vi-VN,female,young,standard,professional,confident,informative_educational,https://storage.googleapis.com/eleven-public-prod/database/user/GjaS12TSpaRPl19WJR8EIfP34v12/voices/1rqNHUqUbBGpY3OyzPMI/ZPGjuD22x72Yi0nmK1V2.mp3
5DIp7NodzHK1ZgA68hss,"Quy - Warm, Cheerful and Gentle","A young male speaker speaks in a professional, conversational tone with an American accent in English.",en,en-US,male,young,american,professional,casual,conversational,https://storage.googleapis.com/eleven-public-prod/database/user/XzVhKkSPYpU73LWDDEt9MBAHFR83/voices/5DIp7NodzHK1ZgA68hss/4l19KnfjtivyBzhTqzgn.mp3
hfQXFFMygx7xoaljt9aE,"Zenson - Clear, Calm and Confident",The speaker is a middle-aged male with a standard accent who delivers a professional and serious message.,vi,vi-VN,male,middle_aged,standard,professional,serious,informative_educational,https://storage.googleapis.com/eleven-public-prod/database/workspace/c014ac02ceb942a9a7325af6bdac2c71/voices/hfQXFFMygx7xoaljt9aE/Av2RAWZIOtzXTx9WHdi1.mp3
u8EWWYyBDfXFxHak7WM3,"Nathan - Soft, Soothing and Emotional",A young male speaker with a standard accent delivers a conversational message in a casual and upbeat manner.,vi,vi-VN,male,young,standard,professional,casual,conversational,https://storage.googleapis.com/eleven-public-prod/database/user/89rJywaruQRmIMtcj28j3unL7Z92/voices/u8EWWYyBDfXFxHak7WM3/4iXNggeyeCG9x7jTD7bH.mp3
rBPOXJ1BAFm78yP1UmBB,"Owen - Deep, Smooth and Resonant","The speaker is a middle-aged male with a Vietnamese accent, using a professional tone that is suitable for informative and educational purposes.",vi,vi-VN,male,middle-aged,standard,professional,professional,informative_educational,https://storage.googleapis.com/eleven-public-prod/database/user/GK1ZcS6XkaMK8SLHhzXFSs5mKPJ3/voices/rBPOXJ1BAFm78yP1UmBB/z1MeOh7a7dq0mSSsbArM.mp3
yS7aiYdIV6YnJ3ZFcQZA,"Nari - Bright, Lively and Youthful",A mature Vietnamese male speaker with a southern accent provides a piece of advice in an informative and educational style.,vi,vi-VN,male,mature,southern,professional,mature,informative_educational,https://storage.googleapis.com/eleven-public-prod/database/user/Yg6wPYZuRlQ3fZ8MOx02WQGiVTQ2/voices/yS7aiYdIV6YnJ3ZFcQZA/ee162e47-1170-46a9-b80c-d8cc9b41eee7.mp3
QocxxnxEa0x8mrL2d4VT,"Zara - Warm, Natural and Expressive","A polite, soft, and professional female voice expresses gratitude in Vietnamese.",vi,vi-VN,female,young,standard,professional,professional,conversational,https://storage.googleapis.com/eleven-public-prod/database/user/48yTL0S0RkaHfoTzcR911EeNeGt1/voices/QocxxnxEa0x8mrL2d4VT/FV06WB8AFJlH61mAFqNO.mp3
0eXHGNoETNSO4IGTBKno,"Nam - Calm, Smooth and Relaxed","The speaker delivers a message about family blessings in a standard, calm tone, suitable for use in educational contexts.",vi,vi-VN,female,young,standard,professional,calm,informative_educational,https://storage.googleapis.com/eleven-public-prod/database/user/nSvcpdpa1CfEdIF9i0lgfhK6dOw1/voices/0eXHGNoETNSO4IGTBKno/f2eeeb94-bcea-4d19-bfe5-a2a5f70d5942.mp3
mTMLdrFZdBqiPUW1W47D,"Cuong Pham - Deep, Strong and Forceful",The speaker delivers a confident and professional message in Vietnamese with a standard accent.,vi,vi-VN,male,middle_aged,standard,professional,confident,informative_educational,https://storage.googleapis.com/eleven-public-prod/database/user/cbuHncRZKtMjLQuaYkw9hcJvR1F2/voices/mTMLdrFZdBqiPUW1W47D/393f006b-f1dc-471c-9765-ca43a80a625b.mp3
RxhjHDfpO54FYotYtKpw,"Phong - Warm, Clear and Expressive",The speaker delivers a narrative about the past with a reflective and mature tone.,vi,vi-VN,male,middle_aged,standard,professional,mature,narrative_story,https://storage.googleapis.com/eleven-public-prod/database/user/XAJCCxJbqPbEF70aoiI1FyjULJQ2/voices/RxhjHDfpO54FYotYtKpw/gf3p8d9Qw6M008W63OAL.mp3
MqsnLOwcpkRUz9a4AhNi,"Phương - Gentle, Informative Doctor",The speaker is a middle-aged male with a standard accent who delivers a professional and informative message.,vi,vi-VN,male,middle_aged,standard,professional,professional,informative_educational,https://storage.googleapis.com/eleven-public-prod/database/user/U3lEQppSKBMmY21PvDnvVGSnafy2/voices/MqsnLOwcpkRUz9a4AhNi/GyfRFNvyAjrnQH4jp8UD.mp3
9w5lSVhu8VnBEqFqdrD9,"Hop Le - Clear, Emphatic and Expressive",The speaker delivers a confident and professional message in a clear and instructional tone.,vi,vi-VN,male,middle-aged,standard,professional,confident,informative_educational,https://storage.googleapis.com/eleven-public-prod/database/user/XPTgx2CdlHYseLc6gkaTAwL5f5p2/voices/9w5lSVhu8VnBEqFqdrD9/49vdDnP3WH2x6qXTXAfr.mp3
N8ES35RJ1GXQGHhdiimy,"Rin Dinh - Deep, Warm and Serious",The speaker is a middle-aged male with a standard accent speaking with a narrative style in a professional and informative tone.,vi,vi-VN,male,middle_aged,standard,professional,professional,narrative_story,https://storage.googleapis.com/eleven-public-prod/database/user/R653nCUGliXs3b6IzPRN4H7qEN92/voices/N8ES35RJ1GXQGHhdiimy/38989078-e568-414b-981f-86ad38e56775.mp3
aN7cv9yXNrfIR87bDmyD,Ninh Đôn – Deep & Warm,The speaker delivers a confident and professional message with a calm tone.,vi,vi-VN,male,middle_aged,standard,professional,confident,informative_educational,https://storage.googleapis.com/eleven-public-prod/database/user/sOwFF8ejIvSefUvvGpTJ63HXubh1/voices/aN7cv9yXNrfIR87bDmyD/hfxx2raRzt2YVxtQiM8H.mp3
558B1EcdabtcSdleer40,"Thảo - Soft, Calm and Gentle",The speaker delivers a calm and professional narrative in a storytelling tone.,vi,vi-VN,female,young,standard,professional,calm,narrative_story,https://storage.googleapis.com/eleven-public-prod/database/user/DxkgIq1vnwhTYa8uL32YhmxjMou2/voices/558B1EcdabtcSdleer40/3gFzJJf8SfUG0fPjLHVQ.mp3
DTLhW2kDOWq9IAPipCcu,"Hung - Clear, Distinct and Emphatic",The speaker delivers a confident and professional message in Vietnamese with a standard accent.,vi,vi-VN,male,middle-aged,standard,professional,confident,informative_educational,https://storage.googleapis.com/eleven-public-prod/database/user/t1yDgQ257lhQQZXLRNNYdFcypL63/voices/DTLhW2kDOWq9IAPipCcu/7f886a03-97f1-45c0-ab62-18aade483c39.mp3
d5HVupAWCwe4e6GvMCAL,"Mai - Natural, Bright and Authentic","The speaker delivers a professional message with a bright, clear, and natural tone, suitable for informative or educational purposes.",vi,vi-VN,female,young,standard,professional,professional,informative_educational,https://storage.googleapis.com/eleven-public-prod/database/user/nC20Y9bj9MP3UfzmgV2UyqTyISu2/voices/d5HVupAWCwe4e6GvMCAL/AiQpA1F3HAiST2pCXpaR.mp3
xVv8qLTTnsYnrysc2Lx4,"Thai - Deep, Formal and Professional",The speaker delivers a confident and professional message in a clear and standard tone.,vi,vi-VN,male,young,standard,professional,confident,informative_educational,https://storage.googleapis.com/eleven-public-prod/database/user/n8ePpixCSKc9ZNARZitYmbgK3ow1/voices/xVv8qLTTnsYnrysc2Lx4/b60710b9-cdf2-4b3a-a163-7fcb015045cc.mp3
ipTvfDXAg1zowfF1rv9w,"Hoàng Đặng - Deep, Smooth and Resonant",The speaker has a professional and confident tone suitable for informative content.,vi,vi-VN,male,middle_aged,standard,professional,confident,informative_educational,https://storage.googleapis.com/eleven-public-prod/database/user/qRLQOhdIxeR3oXxpGmq8dZQfVe62/voices/ipTvfDXAg1zowfF1rv9w/XJVPm3UlqPW1BSDiPVsu.mp3
A5w1fw5x0uXded1LDvZp,Nhu - Calm and Confident,"Giọng nữ chuẩn Hà Nội phù hợp với sách nói, quảng cáo và bài giảng.",vi,vi-VN,female,young,standard,professional,professional,informative_educational,https://storage.googleapis.com/eleven-public-prod/database/user/e8cFAZ3jguXZnISE72DJv52u8dt2/voices/A5w1fw5x0uXded1LDvZp/Pl44dvqAAGrwxZEta7mE.mp3
X0V9HEDEuaVhVqzVPUKM,"Giang - Warm, Confident and Inspiring",The speaker delivers an informative message with a crisp tone of voice.,vi,vi-VN,female,young,standard,high_quality,crisp,informative_educational,https://storage.googleapis.com/eleven-public-prod/database/user/D8Dzh8YvBEMO0U2AmdFNDkeIKjq1/voices/X0V9HEDEuaVhVqzVPUKM/d2a848d5-704d-460c-b12c-ce5a2ac12149.mp3
oN0q7mZB5kootbGrbqix,"Emma - Calm, Soothing and Mature","The speaker delivers a mature, reflective message with a calm and professional tone in Vietnamese, suitable for informative or educational purposes.",vi,vi-VN,female,middle-aged,standard,professional,mature,informative_educational,https://storage.googleapis.com/eleven-public-prod/database/user/4fXcwZZ81HSHYjr4FLqjLxT5plN2/voices/oN0q7mZB5kootbGrbqix/DnCt8WWiGa7SVPz2mdty.mp3
TIQkE9DDukawEm00ejgd,Triet Ngo - Authoritative and Confident,"The speaker delivers advice in an informative, educational tone using a standard accent in Vietnamese.",vi,vi-VN,female,young,standard,professional,professional,informative_educational,https://storage.googleapis.com/eleven-public-prod/database/user/r9I9DnwygHP3lwOXtjFzLBpmXA23/voices/TIQkE9DDukawEm00ejgd/eba98d40-424a-4f5f-bd54-f091c096c681.mp3
QtiWG8SzdwWbDkee1llf,"Phi - Warm, Sincere and Measured","The speaker has a professional, mature, and calm voice that is suitable for an informative or educational use case.",vi,vi-VN,male,middle_aged,standard,professional,professional,informative_educational,https://storage.googleapis.com/eleven-public-prod/database/user/nYc9sLncligYnPtUuli1QLZm3EQ2/voices/QtiWG8SzdwWbDkee1llf/5bb16e1c-c7af-4a1b-bc32-be5e227885ba.mp3
RmcV9cAq1TByxNSgbii7,My - Soft and Warm Narrator,The speaker speaks with a calm and gentle tone in Vietnamese.,vi,vi-VN,female,young,standard,high_quality,gentle,conversational,https://storage.googleapis.com/eleven-public-prod/database/user/NGzPfqnWuWSo142RllsvSRPXMPX2/voices/RmcV9cAq1TByxNSgbii7/4l1AWooECg9qi9xlhmBb.mp3
ux9eagR6pSyxgfunaGxo,"Xuan Toan - Clear, Calm and Articulate","The speaker delivers information in a professional, neutral tone suitable for educational content.",vi,vi-VN,male,middle_aged,standard,professional,professional,informative_educational,https://storage.googleapis.com/eleven-public-prod/database/user/aBmFJMvvyOepDYyBxGHK6lz3kXR2/voices/ux9eagR6pSyxgfunaGxo/483fd238-e21f-42e1-91a6-a91f8aac6e6e.mp3
ywBZEqUhld86Jeajq94o,"Anh - Warm, Calm and Deep",The speaker delivers an informative and professional summary about a painting with a mature and calm tone.,vi,vi-VN,male,middle_aged,standard,professional,professional,informative_educational,https://storage.googleapis.com/eleven-public-prod/database/user/FEB1u5o3JcOVxpX1xcvd1niBiJ63/voices/ywBZEqUhld86Jeajq94o/KNojikC1H5tpYfj1gkN7.mp3
JDbnZf9C4zfUzF0EuIch,"Sang Le - Warm, Steady and Emotional","The speaker delivers a confident and professional message in a clear and engaging manner, suitable for an advertisement.",vi,vi-VN,male,young,standard,professional,confident,advertisement,https://storage.googleapis.com/eleven-public-prod/database/user/zHed2jy3YcNyr7WQ07h0Cvscla43/voices/JDbnZf9C4zfUzF0EuIch/8fbcfa49-d3e3-41ea-88ae-6dba7963698b.mp3
Sd0vUjtPZLtmojfIMHMx,"Lily - Smooth, Soft and Appealing",The speaker speaks with a serious tone in a conversational manner.,vi,vi-VN,male,middle-aged,standard,professional,serious,conversational,https://storage.googleapis.com/eleven-public-prod/database/user/uIbgCfSfsjfijy9bjVnOGo9T1Ww2/voices/Sd0vUjtPZLtmojfIMHMx/889dbf5e-3d15-4088-a349-de53873f8c33.mp3
4a9d2yNlrzn6YEoy5ZWT,"Kyle - Calm, Clear and Emotional","The speaker has a professional, calm, and neutral voice, and uses it for informative and educational content.",vi,vi-VN,neutral,middle-aged,standard,professional,neutral,informative_educational,https://storage.googleapis.com/eleven-public-prod/database/user/ckESC8EqlCMMWqbRbhQWauD5Qkf2/voices/4a9d2yNlrzn6YEoy5ZWT/yET5FewHLHMNw2ELFuDp.mp3
GdbrbFjAI4wKg8XPPRWg,"Ky Nguyen - Calm, Clear and Professional",A man tells an old story in a calm voice for a narrative story.,vi,vi-VN,male,old,standard,professional,calm,narrative_story,https://storage.googleapis.com/eleven-public-prod/database/user/Ydocs89aongAhGp9t1TsGq71OsH2/voices/GdbrbFjAI4wKg8XPPRWg/teDScPvVklgjvy7Q5snA.mp3
7clfgAuss1M0JUYGlh1t,Phước - Vietnamese Narrator,A middle-aged male with a standard accent speaking in a casual style for entertainment purposes.,vi,vi-VN,male,middle-aged,standard,professional,casual,entertainment_tv,https://storage.googleapis.com/eleven-public-prod/database/user/9hnX6ZqJbbRC9Is3XbIhiIJxNjD2/voices/7clfgAuss1M0JUYGlh1t/a7d33c3c-21c9-4e85-b2e1-f7b3ea5c5dd9.mp3
mwLufM1J13N37It93eQN,"Tanny - Calm, Warm and Engaging",The speaker speaks with a serious tone in a narrative story style.,vi,vi-VN,male,middle-aged,standard,professional,serious,narrative_story,https://storage.googleapis.com/eleven-public-prod/database/user/ha5bhOJw63U4IC0GEBdGzgUfk2H3/voices/mwLufM1J13N37It93eQN/Q5IQVQhjDUZzaJjSgfxm.mp3
UsgbMVmY3U59ijwK5mdh,"Trieu Duong - Deep, Calm and Resonant","The speaker delivers a professional message with a mature, calm tone.",vi,vi-VN,male,middle-aged,standard,professional,mature,informative_educational,https://storage.googleapis.com/eleven-public-prod/database/user/ProIWShzwUO5DYZeocFNyvwiS4b2/voices/UsgbMVmY3U59ijwK5mdh/f900a040-0abe-47db-aeb4-c20b63056433.mp3
6DozafBK77YWCkMMr2Ok,Huynh Duong - Energetic and Confident,The speaker speaks with a casual tone in a professional context.,vi,vi-VN,male,middle_aged,standard,professional,casual,conversational,https://storage.googleapis.com/eleven-public-prod/database/user/kbWak3FtLFQjRcvFciaG5df8iTg2/voices/6DozafBK77YWCkMMr2Ok/921faf72-650e-4a59-9a90-8e59085a85fb.mp3
Y4Dv8VW6IGIXAJ67HiEv,"Quốc - Warm, Clear and Expressive","The speaker has a professional, calm, and neutral voice, and uses it for informative educational purposes.",vi,vi-VN,female,young,standard,professional,neutral,informative_educational,https://storage.googleapis.com/eleven-public-prod/database/user/OlXiU071PrWVe554lY6Tg3BJzgU2/voices/Y4Dv8VW6IGIXAJ67HiEv/974af4ec-70f2-4376-8387-2fa3f8fd19b0.mp3
eMZSaad4tZC98eLRlyKT,"Huyen - Clear, Confident Narrator","The speaker has a professional, mature, and calm voice that sounds perfect for providing informative educational content.",vi,vi-VN,female,middle-aged,standard,professional,professional,informative_educational,https://storage.googleapis.com/eleven-public-prod/database/user/mGkjudKxLSX9qp6FgBwBDDm4li63/voices/eMZSaad4tZC98eLRlyKT/e8217db9-19ff-4177-b965-a4568b784465.mp3
DvG3I1kDzdBY3u4EzYh6,Ngân Nguyễn - Inspirational Narrator,"A calm, professional voice over conveying a message of inner self-discovery.",vi,vi-VN,female,middle_aged,standard,professional,calm,informative_educational,https://storage.googleapis.com/eleven-public-prod/database/user/c5kdJCTo3aQsVqw7FFXb2kaipb83/voices/DvG3I1kDzdBY3u4EzYh6/kRT5dcb4XivyKhNI8DwA.mp3
QU8w26MMkEgMWCbCiebE,"Tim - Deep, Warm and Resonant",The speaker speaks with a calm and gentle tone in Vietnamese.,vi,vi-VN,female,middle-aged,standard,professional,calm,narrative_story,https://storage.googleapis.com/eleven-public-prod/database/user/SaAUURaggCYUPxgfeBSLURO5q732/voices/QU8w26MMkEgMWCbCiebE/0986c96f-45a8-4cae-8b43-40e1b36c8848.mp3
iSFxP4Z6YNcx9OXl62Ic,"Viên - Narrative, Warm and Clear",The speaker speaks with a calm tone in a conversational context.,vi,vi-VN,female,young,standard,high_quality,calm,conversational,https://storage.googleapis.com/eleven-public-prod/database/user/jPgCa3x52PQpWUqTcJn7Cjv4teV2/voices/iSFxP4Z6YNcx9OXl62Ic/a200d54c-0858-4812-a64f-811b882abd13.mp3
Wzj3w9OuQFcoiuKPnk3j,Luci - Vietnamese Narrator,"The speaker delivers information in a professional, neutral tone suitable for educational content.",vi,vi-VN,male,middle_aged,standard,professional,professional,informative_educational,https://storage.googleapis.com/eleven-public-prod/database/user/bhNBU3J04YfAauJlCxDCnDtBFee2/voices/Wzj3w9OuQFcoiuKPnk3j/NGvwmqZgS1hjQMDJmQxY.mp3
szlbmCOTZzG1seZ82nZs,"Mai Hoàng - Clear, Lively and Agile","The speaker delivers a professional message with a calm and mature tone, intended for a narrative story.",vi,vi-VN,female,middle-aged,standard,professional,calm,narrative_story,https://storage.googleapis.com/eleven-public-prod/database/user/5trMntiyBqN8o1xHozy6jDYiHBt2/voices/szlbmCOTZzG1seZ82nZs/6a7df1ee-b303-4578-afe1-795fcf8cafbc.mp3
BLeuF5fPXWSDAwZScbTY,"Dahlia - Clear, Dry and Informative",The speaker provides a list of vegetables that help prevent cancer with a professional tone suitable for informative content.,vi,vi-VN,female,young,standard,professional,professional,informative_educational,https://storage.googleapis.com/eleven-public-prod/database/user/GNzBdeSMNucDPk9qFoKmwYSbv4B3/voices/BLeuF5fPXWSDAwZScbTY/2awnnvTMNflo9QumeqHi.mp3
pFEtwO9FWuRIINWTs00y,"Ngọc - Warm, Smooth and Sincere",The speaker speaks with a professional tone in a informative educational style.,vi,vi-VN,male,middle_aged,standard,professional,professional,informative_educational,https://storage.googleapis.com/eleven-public-prod/database/user/WUtqzDGTl8NpluT0EoF0Gd3NG473/voices/pFEtwO9FWuRIINWTs00y/eb0db59e-b638-441e-bf0e-927cb3596efe.mp3
KpzB5RgCRuVkUlZeY6wb,"Trinh - Bright, Clear and Steady",A male speaker with a Vietnamese accent uses a confident tone in an informative educational context.,vi,vi-VN,male,young,standard,high_quality,confident,informative_educational,https://storage.googleapis.com/eleven-public-prod/database/user/SzxPjoVS1faLLltt3mHhbQBI9s33/voices/KpzB5RgCRuVkUlZeY6wb/0146408b-5077-4e99-9d85-3f7716a0a216.mp3
HQZkBNMmZF5aISnrU842,"Ly - Clear, Calm Master of Ceremonies","The speaker delivers a calm and professional message, suitable for an informative or educational use case.",vi,vi-VN,female,young,standard,professional,calm,informative_educational,https://storage.googleapis.com/eleven-public-prod/database/user/h3ZsMzAhH8cGBa9cNI8JXOFQwtY2/voices/HQZkBNMmZF5aISnrU842/87183e43-5f71-4568-af78-553445ee0911.mp3
OZ41k7uYyV1AwlxmkRx0,"Loi - Clear, Steady and Professional","This is a professional, high quality, and mature voice with a standard accent, suitable for informative educational purposes.",vi,vi-VN,male,middle_aged,standard,professional,mature,informative_educational,https://storage.googleapis.com/eleven-public-prod/database/user/i3zOmWix2hd8ZNUHow5V4Hev4503/voices/OZ41k7uYyV1AwlxmkRx0/3992e471-e095-461a-8edd-f27e04dbc45e.mp3
jydR2VHYWfW6Yi35URqJ,"William - Formal, Measured and Sincere",The speaker speaks with a professional tone in a way that sounds like an informative educational piece.,vi,vi-VN,male,middle_aged,standard,professional,professional,informative_educational,https://storage.googleapis.com/eleven-public-prod/database/user/6YS9ppPduBOiXZjYcxWA3eiPBhb2/voices/jydR2VHYWfW6Yi35URqJ/7bdd9ae9-526f-4f94-b879-a8317092c090.mp3
VkftF4RyfVI5yIYa6wFa,"Huy Bùi - Firm, Calm and Professional",The speaker delivers a message with a conversational tone in Vietnamese with a northern accent.,vi,vi-VN,male,middle_aged,northern,professional,casual,conversational,https://storage.googleapis.com/eleven-public-prod/database/user/bWhNSzzTdsd5mfBOgsvUylcJIYE2/voices/VkftF4RyfVI5yIYa6wFa/f08690de-7f58-4eda-90e5-4cb4f421b2ef.mp3
BUPPIXeDaJWBz696iXRS,"Dũng - Poetic, Deep and Resonant",The speaker delivers a professional narrative with a calm tone in Vietnamese.,vi,vi-VN,male,middle-aged,standard,professional,calm,narrative_story,https://storage.googleapis.com/eleven-public-prod/database/user/k2TSCRn9VRVf6lURD8l9LXgeMXI3/voices/BUPPIXeDaJWBz696iXRS/0d5e5718-e604-4df0-9639-f58cb86784d1.mp3
JYT6xPLD3LGl0ui3YXNq,Khanh - Dynamic and Conversational,"A man speaks with a calm and mature tone, narrating a piece with a professional quality suitable for entertainment TV.",vi,vi-VN,male,middle_aged,standard,professional,mature,entertainment_tv,https://storage.googleapis.com/eleven-public-prod/database/user/9Gr3pwbt14Y6zEIuO8xzRyUg1t92/voices/JYT6xPLD3LGl0ui3YXNq/e28d3c2a-079a-4f83-b8e6-ae0e8c326530.mp3
7XOKiK112QRZRSLbCfMc,"Liam - Warm, Thoughtful and Determined","The speaker speaks with a crisp and serious tone in Vietnamese, suitable for informative or educational purposes.",vi,vi-VN,male,middle-aged,standard,professional,crisp,informative_educational,https://storage.googleapis.com/eleven-public-prod/database/user/MEfqrYLerOUFmgoFEm43Itfbl0l1/voices/7XOKiK112QRZRSLbCfMc/c98864dc-4616-4cf6-9119-b51a357680ae.mp3
3VnrjnYrskPMDsapTr8X,"Tung Dang - Deep, Warm and Resonant",The speaker speaks with a serious tone in a narrative style.,vi,vi-VN,male,middle-aged,standard,professional,serious,narrative_story,https://storage.googleapis.com/eleven-public-prod/database/user/COsSJJG6gjWu8B6HtAYraUqntxT2/voices/3VnrjnYrskPMDsapTr8X/rTtnskqz8S0pmuxMwNB3.mp3
M0rVwr32hdQ5UXpkI3ni,Hao - Warm and Gentle Narrator,A man speaks in a pleasant and confident tone in this snippet.,vi,vi-VN,male,middle_aged,standard,professional,pleasant,conversational,https://storage.googleapis.com/eleven-public-prod/database/user/vPhRu1PHR7TqGFJZ4bBlH9BiTmO2/voices/M0rVwr32hdQ5UXpkI3ni/TdQYzBzvE2L4Kns4yzi4.mp3
wvL4QjDMWwrrTQuXUYlw,"Simon - Strong, Clear and Motivational",The speaker delivers a professional and informative message in a calm tone.,vi,vi-VN,male,middle_aged,standard,professional,professional,informative_educational,https://storage.googleapis.com/eleven-public-prod/database/user/6Zt1ZPZThsOMUasUigILNIvJK9q2/voices/wvL4QjDMWwrrTQuXUYlw/9e21e9bc-5c29-43e9-a7f6-3c234b1acfa5.mp3
KkZEqzG4FfkIHMbzFAnu,"Nam - Clear, Firm and Steady",The speaker delivers a professional narrative story in Vietnamese with a calm tone.,vi,vi-VN,male,middle-aged,standard,professional,calm,narrative_story,https://storage.googleapis.com/eleven-public-prod/database/user/ltBMyaYdgRfNVgtXP6wNo2zA0fX2/voices/KkZEqzG4FfkIHMbzFAnu/e89f4b63-114a-4abd-a1ca-8213f9ae3cbc.mp3
faGOoglJYMOx2d1ya5l9,Xuan - Energetic and Motivational,The speaker delivers a professional and informative message in Vietnamese with a standard accent.,vi,vi-VN,male,middle_aged,standard,professional,professional,informative_educational,https://storage.googleapis.com/eleven-public-prod/database/user/csgyY4nh1Ufz0ftTjP8GlmmjHXE2/voices/faGOoglJYMOx2d1ya5l9/f41cb339-fac4-47c0-89c1-51ba1341cec0.mp3
BlZK9tHPU6XXjwOSIiYA,"Trang - Clear, Smooth and Direct",The speaker speaks with a professional tone suitable for informative content.,vi,vi-VN,female,young,standard,professional,professional,informative_educational,https://storage.googleapis.com/eleven-public-prod/database/user/sWaUHiGL96Yk2S2bX5HsxRaI9XS2/voices/BlZK9tHPU6XXjwOSIiYA/4847d94c-dc44-42db-ad21-fba7bb80f4ac.mp3
DXiwi9uoxet6zAiZXynP,"Hung Tran - Deep, Calm and Reflective","The speaker delivers advice in a professional tone, suitable for informative educational content.",vi,vi-VN,male,middle-aged,standard,professional,professional,informative_educational,https://storage.googleapis.com/eleven-public-prod/database/user/9QZhyEJVONUlQbf4qCXpQIsiWM02/voices/DXiwi9uoxet6zAiZXynP/ZXEyuqQ2pfxLEM30hsbr.mp3
FTYCiQT21H9XQvhRu0ch,"Trung - Soft, Smooth and Narrative","The speaker delivers a message in a calm and casual tone, suitable for informative educational purposes.",vi,vi-VN,male,middle-aged,standard,high_quality,calm,informative_educational,https://storage.googleapis.com/eleven-public-prod/database/user/9CKGEGlc24hvG3fABbarF04bjzI3/voices/FTYCiQT21H9XQvhRu0ch/efc9a24c-917d-49cb-a2ad-e2d28d121776.mp3
7WNWm0yUcEolHsfg5Bhk,"Sang Truong - Deep, Calm and Resonant","The speaker delivers a professional narrative with a mature and calm tone, intended for a narrative story.",vi,vi-VN,male,middle-aged,standard,professional,mature,narrative_story,https://storage.googleapis.com/eleven-public-prod/database/user/4PRUmk0fJ6YKE4YPswnXRi7WUvH2/voices/7WNWm0yUcEolHsfg5Bhk/75d5ce3c-175e-4479-a0e9-e0cd7d841745.mp3
5GqeT84PUduicivx0y5x,"Thang - Clear, Firm and Steady",The speaker delivers a calm and professional message with a calm tone.,vi,vi-VN,male,middle_aged,standard,professional,calm,informative_educational,https://storage.googleapis.com/eleven-public-prod/database/user/VWgjOrGSkKNB1nrK5AUKUj74zSK2/voices/5GqeT84PUduicivx0y5x/887d8f30-2cb6-4a22-8521-3b0c61748285.mp3
LPldyaIkUUSOPCRFrgYJ,"Hùng - Steady, Firm and Serious",The speaker delivers a confident and professional message in Vietnamese with a standard accent.,vi,vi-VN,male,middle-aged,standard,professional,confident,informative_educational,https://storage.googleapis.com/eleven-public-prod/database/user/8g4eGSy6nNftHbn2KMUBFwncSJg1/voices/LPldyaIkUUSOPCRFrgYJ/96a4a622-f41f-48d6-af9e-72337522bb9b.mp3
i5pAdlAfmoAYKmD5vJu5,Phong - Formal and Steady,A professional male announcer with a mature voice and standard accent provides informative and educational travel-related announcements.,vi,vi-VN,male,mature,standard,professional,professional,informative_educational,https://storage.googleapis.com/eleven-public-prod/database/user/ivhyv3eFi6Twrq3IrLdeu0G6Sm53/voices/i5pAdlAfmoAYKmD5vJu5/TgP5xkqvxs5YKcPSkM3a.mp3
sbaSITtJLv4yb3vIi67Z,"Nam - Calm, Warm Voice Actor","The speaker delivers a confident and professional advertisement message with a soft, warm tone.",vi,vi-VN,female,middle-aged,standard,professional,professional,advertisement,https://storage.googleapis.com/eleven-public-prod/database/user/smeWBu93fchNNoTZYpcvAVtADk72/voices/sbaSITtJLv4yb3vIi67Z/VfaiEckVm0oK3fYyWyrQ.mp3
pGapy9MNHCukzJtjavF0,"Hạnh - Smooth, Clear and Feminine","The speaker delivers a confident and professional message about skincare, suitable for a product advertisement.",vi,vi-VN,female,young,standard,professional,confident,advertisement,https://storage.googleapis.com/eleven-public-prod/database/user/Bm5uBjtRdZaw9bOLWjFEY09Qk842/voices/pGapy9MNHCukzJtjavF0/duQY8YxBOH1Nje7wdDiR.mp3
1l0C0QA9c9jN22EmWiB0,Jade - Clear and Natural Narrator,The speaker speaks with a calm and mature tone about their place of origin and their sense of pride in being from Da Nang.,vi,vi-VN,female,young,standard,professional,calm,narrative_story,https://storage.googleapis.com/eleven-public-prod/database/workspace/1e1bb97afeab43e996ceefadc09fce07/voices/1l0C0QA9c9jN22EmWiB0/vFO3lx21S99x88TEecy5.mp3
NSzi72jFi7P1JqCwPRuM,"Henry - Clear, Firm Master of Ceremonies","The speaker delivers a professional, informative narration in a mature and serious tone.",vi,vi-VN,male,middle_aged,standard,professional,professional,informative_educational,https://storage.googleapis.com/eleven-public-prod/database/user/luAlPmY2SjaETAJembza6ctDyIY2/voices/NSzi72jFi7P1JqCwPRuM/eRa8JPGgbqQs4gPdXuv6.mp3
XBDAUT8ybuJTTCoOLSUj,"Đức - Clear, Calm Master of Ceremonies","The speaker has a professional, calm tone, delivering information in a straightforward manner.",vi,vi-VN,male,middle_aged,standard,professional,professional,informative_educational,https://storage.googleapis.com/eleven-public-prod/database/user/Gt3WUmSM8Dfv53wkfk785cWUf4a2/voices/XBDAUT8ybuJTTCoOLSUj/NyApKgQVL7sSD5vQLGJl.mp3
WVkYyTxxVgMOsw1IIVL0,"Hieu Tran - Deep, Warm and Trustworthy","A calm, professional voice is delivering an informative message in Vietnamese.",vi,vi-VN,female,young,standard,professional,calm,informative_educational,https://storage.googleapis.com/eleven-public-prod/database/user/2Oka77lSZtfb0ZXzuGAHZf3WD9w1/voices/WVkYyTxxVgMOsw1IIVL0/b9cb80e5-89f1-4230-be86-42a35c8aa9a4.mp3
JxmKvRaNYFidf0N27Vng,Son Tran - Casual and Conversational,The speaker speaks with a professional tone while presenting information about social media policies.,vi,vi-VN,male,young,standard,professional,professional,social_media,https://storage.googleapis.com/eleven-public-prod/database/user/OymriXbgJoQbrYAIuB2fEDlSAqN2/voices/JxmKvRaNYFidf0N27Vng/Z9ia8B08GeSQQaW6SGSu.mp3
1d5Bb0SMBPB10Gx6iQeu,"Tung Dang - Warm, Calm and Gentle",The speaker speaks with a casual tone in this conversational piece.,vi,vi-VN,male,young,standard,professional,casual,conversational,https://storage.googleapis.com/eleven-public-prod/database/user/xySPRx6W6TVRFbUaO4ZV0zjYohF3/voices/1d5Bb0SMBPB10Gx6iQeu/4fa59491-5277-44eb-9cba-8338034d77b0.mp3
xPEfmymXC4WdBxGMznS7,"Tuyết - Crisp, Formal and Professional",The speaker delivers a high-quality advertisement with a professional and upbeat tone.,vi,vi-VN,female,young,standard,professional,upbeat,advertisement,https://storage.googleapis.com/eleven-public-prod/database/user/ZKWCW9ChxGcxXCQVbKs7dYbwcF52/voices/xPEfmymXC4WdBxGMznS7/xuq5fw3fKBo80gn9Ac5e.mp3
zIusdI28yOZPwIBus0aI,"Ân - Casual, Bubbly and Energetic",A young female speaks in a Vietnamese accent with a casual and upbeat tone in a conversational manner.,vi,vi-VN,female,young,standard,professional,upbeat,conversational,https://storage.googleapis.com/eleven-public-prod/database/user/vZEuPMj8jzNy2NleA2vKoY0Wrvn2/voices/zIusdI28yOZPwIBus0aI/ctAn5c5p35e6Zig8gzw7.mp3
SV45Oxy7wx09dotPbEsL,"Kim - Vibrant, Friendly and Clear","The speaker delivers a confident and professional message in a supportive, encouraging tone.",vi,vi-VN,female,young,standard,professional,confident,informative_educational,https://storage.googleapis.com/eleven-public-prod/database/user/aebtjiDGQsYbSlwW9Va7dA5CmfC2/voices/SV45Oxy7wx09dotPbEsL/Q0a7NP0uI98LY1qP0zTY.mp3
mJLZ5p8I7Pk81BHpKwbx,Nam Sadoma - Warm and Professional,The speaker speaks with a professional tone in a casual manner.,vi,vi-VN,male,young,standard,professional,casual,informative_educational,https://storage.googleapis.com/eleven-public-prod/database/user/0B9Gy9XsGPcNDeaxCHuHPhEbeq23/voices/mJLZ5p8I7Pk81BHpKwbx/182afc0c-622b-449c-99e0-1e8a6f689dc1.mp3
foH7s9fX31wFFH2yqrFa,"Huyen - Calm, Friendly and Clear","The speaker has a professional and confident tone, appropriate for a narrative story.",vi,vi-VN,female,young,standard,professional,confident,narrative_story,https://storage.googleapis.com/eleven-public-prod/database/workspace/1e1bb97afeab43e996ceefadc09fce07/voices/foH7s9fX31wFFH2yqrFa/XEIsoRs7xArbmUx1pJpp.mp3
Na53UVgcmbKZaZMsp5JE,"Linh - Calm, Gentle and Compassionate",The speaker delivers a calm and casual message in Vietnamese with a standard accent.,vi,vi-VN,female,young,standard,professional,casual,conversational,https://storage.googleapis.com/eleven-public-prod/database/user/vy5yH2PaY5Vjkf70eDZzX09NvB12/voices/Na53UVgcmbKZaZMsp5JE/4cfb85d5-4601-49e9-b6d0-2762f5743495.mp3
M1eOJnaNVAbMVhDoXfRb,"Hung Pham - Deep, Professional Actor",A man shares advice about the future and success.,vi,vi-VN,male,middle-aged,standard,professional,mature,informative_educational,https://storage.googleapis.com/eleven-public-prod/database/user/SKsc2duaOjRCCkbVR5YZhRpQB4S2/voices/M1eOJnaNVAbMVhDoXfRb/K2qzekZ5iJAwykvWJf20.mp3
618Y3IAxt3co9hC3Dbsa,"Phuc - Calm, Formal Announcer",A man speaking in a calm manner about fundamental human rights.,vi,vi-VN,male,middle_aged,standard,professional,calm,informative_educational,https://storage.googleapis.com/eleven-public-prod/database/user/WDmDCrj5DIaI8JK7lbjGVtoD9Ty1/voices/618Y3IAxt3co9hC3Dbsa/hEGZ14QOgGCUR05wvWhv.mp3
9EE00wK5qV6tPtpQIxvy,"Tuan - Friendly, Calm and Trustworthy",A male speaker with an American accent speaks in a professional style with a calm tone.,en,en-US,male,middle-aged,american,professional,calm,informative_educational,https://storage.googleapis.com/eleven-public-prod/database/user/YEywBE4jk3NNMiHyhOkjf0X6ysL2/voices/9EE00wK5qV6tPtpQIxvy/dcd40a37-bd29-4e24-b4b1-70a045e79467.mp3
mMa5ygDNluQLD1EaTZLI,"Tuyến - Formal, Serious and Respectful",A middle-aged man speaking with an informative tone to narrate and educate the audience.,vi,vi-VN,male,middle-aged,standard,professional,professional,informative_educational,https://storage.googleapis.com/eleven-public-prod/database/user/iMBL1TGftfNjtUKplJLrbNiJeZT2/voices/mMa5ygDNluQLD1EaTZLI/RntBCIcoAIrNYBYJAz9N.mp3
qp0lBtq2TxYPepHSR0D1,Minh - Clear and Firm Narrator,A professional news anchor delivers informational content with a formal and crisp vocal style.,vi,vi-VN,male,middle-aged,standard,professional,professional,informative_educational,https://storage.googleapis.com/eleven-public-prod/database/user/BHhuzgI2Gthxsf3DrWonYeFb3sp1/voices/qp0lBtq2TxYPepHSR0D1/bRbmTZVy1pY7511nv1rZ.mp3
2wMoasbnkroyeaj9FYxI,"Dao - Reflective, Pensive and Emotional",The speaker shares a personal story about their upbringing in Hue and the life changes they experienced upon moving away.,vi,vi-VN,female,young,standard,professional,mature,narrative_story,https://storage.googleapis.com/eleven-public-prod/database/user/vZEuPMj8jzNy2NleA2vKoY0Wrvn2/voices/2wMoasbnkroyeaj9FYxI/o1e2pKHZuTZSxwTk5B6d.mp3
7hsfEc7irDn6E8br0qfw,"Hai Ly - Deep, Serious and Resonant","The speaker delivers a profound message in a calm, mature tone that aligns with its educational context.",vi,vi-VN,male,middle_aged,standard,high_quality,mature,informative_educational,https://storage.googleapis.com/eleven-public-prod/database/user/kg1F3Wh21fcmmmzFovRwWFO1G8H3/voices/7hsfEc7irDn6E8br0qfw/93dcf970-15c9-4d5d-9a0e-0922217412f6.mp3
Zm5fDdtChmOUe69OSYwx,"Sơn - Warm, Soft and Gentle","This audio is an example of a peaceful, calm, and neutral voice used in a narrative story setting.",vi,vi-VN,female,young,standard,professional,calm,narrative_story,https://storage.googleapis.com/eleven-public-prod/database/user/VAXlzzoGHgYxb9NfCxLn8mRsPVx2/voices/Zm5fDdtChmOUe69OSYwx/s2zC9VyzB8mFzu8SSh4u.mp3
HAAKLJlaJeGl18MKHYeg,"Trang - Soft, Whispery and Peaceful","A sweet, cute female voice speaks in a calm and casual tone with an standard accent, perfect for social media.",vi,vi-VN,female,young,standard,professional,cute,social_media,https://storage.googleapis.com/eleven-public-prod/database/user/ZKWCW9ChxGcxXCQVbKs7dYbwcF52/voices/HAAKLJlaJeGl18MKHYeg/zD0vyJoLQimI2pdR9IDK.mp3
jpmnSYDOADVEpZksbLmc,"Nhung - Clear, Formal and Professional","The speaker delivers a formal, informative, and professional announcement.",vi,vi-VN,female,middle-aged,standard,professional,professional,informative_educational,https://storage.googleapis.com/eleven-public-prod/database/user/RmVK7sQIwCgL3f10fDvwffGGKe92/voices/jpmnSYDOADVEpZksbLmc/cQFGuQ32d6iC2g6OYQMk.mp3
ueSxRO0nLF1bj93J2hVt,"Trung Caha - Clear, Firm and Informative","A middle-aged man speaking in a calm manner, suitable for an informative educational video.",vi,vi-VN,male,middle_aged,standard,high_quality,calm,informative_educational,https://storage.googleapis.com/eleven-public-prod/database/user/y6fKTFEG7Ee17Z1zDZHoGFNsVKY2/voices/ueSxRO0nLF1bj93J2hVt/de4ac6e9-75d7-44c5-bb50-2305dfdda280.mp3
2vT8WlUXV1qBtgiLZdSb,"Mai - Warm, Formal and Professional",A middle-aged female with a northern accent speaks in a professional tone for an informative educational purpose.,vi,vi-VN,female,middle-aged,northern,professional,professional,informative_educational,https://storage.googleapis.com/eleven-public-prod/database/user/qfM5ikWt9kRUCRScilqlkdDoHwu2/voices/2vT8WlUXV1qBtgiLZdSb/LGmdgLp1pXX199g9qHjm.mp3
yvKg3CwzCYDTwyHnWQLg,"Steve - Calm, Expressive and Balanced",The speaker delivers a calm and professional narrative in English.,en,en-US,male,middle_aged,british,professional,calm,narrative_story,https://storage.googleapis.com/eleven-public-prod/database/workspace/4cef60ae9d524976a730b38fe1bb3361/voices/yvKg3CwzCYDTwyHnWQLg/Kyz2CqTyAxouEtOFX00x.mp3
qA5SHJ9UjGlW2QwXWR7w,Joe - Confident Idiot,"A man speaks in a confident, professional tone, delivering an advertisement.",en,en-US,male,middle_aged,american,professional,confident,advertisement,https://storage.googleapis.com/eleven-public-prod/database/workspace/b2109416c7514449a5f06540d10f0e73/voices/qA5SHJ9UjGlW2QwXWR7w/omNXT757fjXIfKPQrTSp.mp3
